33.26712324,-1.534918351,750.2223248,8.96E-17,-1.12E-16,-0.543409428
37.76231287,-0.646117142,751.0401217,3.98E-18,-1.65E-17,-0.472442831
39.02580709,-1.336994038,748.5786169,-7.12E-10,7.02E-10,-0.672883367
31.37706868,-3.31950959,748.0859689,6.02E-10,-7.98E-10,-0.560695053
29.36824609,-2.355493274,749.1623156,-1.26E-16,1.74E-16,-0.515172451
30.51709316,-2.869374858,749.0425613,8.60E-17,-1.31E-16,-0.510104275
26.37424522,-3.228804336,748.4979632,1.53E-16,-2.06E-16,-0.546463577
27.20995501,-2.951058147,748.2109897,-3.04E-17,3.98E-17,-0.523438385
36.3818792,-1.720352468,745.8512329,5.65E-18,-1.79E-17,-0.610844775
37.54419824,-0.565117008,746.5361664,1.18E-16,-1.41E-16,-0.520533086
52.37782584,-0.643427796,744.7905946,3.63E-17,-5.31E-17,-0.584462853
61.78725351,1.8937314,745.323244,-6.18E-17,8.83E-17,-0.50908103
67.86373858,2.852403215,744.2535482,3.15E-17,-4.25E-17,-0.529891076
73.59814553,3.752923032,743.9930944,-6.43E-17,7.76E-17,-0.566894641
83.82427919,4.881104957,743.1723202,-1.63E-18,5.68E-18,-0.559801211
88.49845484,5.117953233,742.9696701,6.22E-17,-6.92E-17,-0.571539941
70.30404733,1.542084844,750.7228537,3.33E-17,-3.54E-17,-0.621603083
88.87999391,3.970677362,745.2633059,2.79E-18,-8.69E-18,-0.622327405
93.1817156,6.004628923,743.8153007,-6.62E-10,7.49E-10,-0.594883395
94.92445068,7.905856614,742.6763831,-6.68E-10,7.44E-10,-0.585433531
92.71038807,10.18421745,742.5892005,6.74E-10,-7.39E-10,-0.565760263
94.45968078,10.04737619,741.0129379,-3.56E-17,3.75E-17,-0.575719524
94.94015618,10.92362325,740.3219194,1.41E-16,-1.63E-16,-0.572748159
96.83375703,12.16964502,739.79528,-6.89E-10,7.25E-10,-0.57321286
101.9888887,13.23989399,738.5459386,-2.07E-18,7.25E-18,-0.556153169
102.1073295,12.1849313,738.7205091,7.32E-17,-8.89E-17,-0.560902064
102.3603355,11.28632863,738.5739619,-6.07E-17,6.11E-17,-0.556996704
104.3703835,11.92871758,737.625831,-6.37E-17,8.06E-17,-0.530032937
105.0266684,12.31884492,736.9986002,-6.26E-10,7.80E-10,-0.502455721
100.8106922,11.91606933,738.154527,4.06E-18,-1.66E-17,-0.47953584
98.63029155,11.09861173,737.9597154,-5.40E-17,6.69E-17,-0.456602248
95.77681094,10.45329955,738.4480884,-5.81E-10,8.14E-10,-0.44901743
97.11282345,10.47398435,736.9896381,-1.36E-16,1.82E-16,-0.433769448
100.6430957,11.09576896,734.8664908,-8.02E-17,1.02E-16,-0.424044366
107.8806879,12.14943047,732.0464827,-6.29E-18,2.94E-17,-0.421460471
111.3417575,12.86875228,729.9497715,8.46E-17,-1.26E-16,-0.41603093
113.9790388,13.29144765,728.359266,5.53E-10,-8.33E-10,-0.417754764
96.67585548,11.45798407,735.4852251,-4.92E-10,8.71E-10,-0.334310917
96.78699185,10.75667881,735.0604883,4.68E-18,-2.81E-17,-0.330599202
92.53755765,9.594924082,737.0929081,4.53E-10,-8.92E-10,-0.301746655
91.02240123,8.992307995,737.4239363,-6.58E-17,1.42E-16,-0.278823245
92.7007645,9.664889807,736.7680359,6.37E-17,-1.47E-16,-0.255746772
96.54028798,10.29197273,734.3048606,1.04E-16,-2.11E-16,-0.271901521
99.03395974,10.77121481,733.3727815,-3.10E-18,2.42E-17,-0.254613401
107.8466992,12.27955366,728.7969945,1.46E-18,-1.03E-17,-0.282850099
112.0713137,14.37920067,727.0122338,-4.15E-10,9.10E-10,-0.247475154
100.2929252,12.68881883,731.3775529,2.16E-19,-2.03E-18,-0.21163259
78.93529251,10.22466133,738.8793886,-5.66E-17,1.46E-16,-0.176572262
54.49474033,6.040071708,747.3348921,-1.26E-17,6.55E-17,-0.024990384
40.00934049,2.814769588,751.0737217,-2.66E-17,1.47E-16,0.03175783
38.61887072,3.018828528,751.8385023,9.45E-18,-4.22E-17,0.056836636
39.38298127,2.866880099,751.5359402,2.26E-17,-1.44E-16,0.064823887
57.80257329,8.525705993,747.669788,-1.56E-17,1.04E-16,0.094326623
75.78812303,13.03277139,735.9879739,-3.93E-10,9.20E-10,-0.155213967
58.80887978,7.888758195,742.6671525,-3.06E-17,8.60E-17,-0.08051471
65.37742154,10.09331515,741.2353431,4.52E-17,-1.36E-16,-0.06440679
40.66933416,3.704952907,747.7015018,6.83E-17,-2.40E-16,-0.040971339
58.82317979,8.31927932,742.9043273,-2.58E-17,9.96E-17,-0.022940645
64.57449523,10.33441847,740.2557384,-8.72E-20,4.17E-18,-0.041764321
55.71476591,9.593564314,742.3955538,-1.33E-17,5.29E-17,0.007518238
72.24748847,12.70618495,736.8318508,-1.51E-17,4.47E-17,-0.063501691
73.41221574,11.49128179,736.1380773,2.91E-17,-1.05E-16,-0.066500039
72.57705366,10.9313815,735.4513227,-1.46E-19,5.14E-18,-0.056891569
74.89168936,10.4905203,734.4130619,2.88E-10,-9.58E-10,-0.073891948
78.21548737,10.4868547,732.8923041,4.13E-17,-1.36E-16,-0.067103767
82.93541672,10.65863289,730.6918297,2.57E-10,-9.66E-10,-0.060722436
86.15357641,10.88485657,729.1341735,-3.90E-17,1.44E-16,-0.062183128
89.85945704,13.36893691,727.0212324,9.23E-19,-3.43E-17,-0.053799499
94.19222788,12.54586071,724.6389763,-3.88E-17,1.21E-16,-0.063136926
104.3072576,13.25284163,719.5037362,2.62E-10,-9.65E-10,-0.081637108
110.0486357,14.17871987,716.3665819,-9.63E-19,2.30E-17,-0.083666635
113.225553,15.08229547,714.3643772,1.92E-10,-9.81E-10,-0.007727579
120.4772748,16.16383513,709.7002002,4.96E-17,-2.47E-16,-0.026076021
121.0697835,15.76238518,708.8911151,3.59E-17,-1.62E-16,-0.050431698
122.5218769,17.03134136,707.7988299,-4.57E-19,2.03E-17,-0.044776179
124.0294357,16.51380965,707.3560364,7.44E-17,-2.86E-16,-0.060835582
125.5167516,19.82055182,706.5772986,3.86E-17,-1.49E-16,-0.045259759
126.858456,16.75019171,707.0277676,2.02E-18,-2.71E-17,-0.148403813
129.1388905,16.20009323,705.5923203,3.11E-10,-9.50E-10,-0.14534803
123.4921856,15.42136033,711.4617366,2.29E-20,6.00E-18,0.007634427
128.5421325,15.50488322,707.4124069,9.98E-19,-1.73E-17,-0.115118598
126.7178812,14.15455212,708.0974163,3.22E-21,-1.90E-19,-0.033941349
127.3409533,13.69522285,708.3314038,-3.63E-17,2.05E-16,-0.002425144
129.389721,14.09509392,706.2344152,-8.25E-20,7.43E-18,-0.022217857
130.5717384,15.56925533,705.1676177,1.01E-19,1.46E-17,0.01388332
131.7707698,14.85967793,704.2436917,8.94E-18,-8.16E-17,0.042157919
132.9637767,14.83077197,703.0655139,-9.94E-11,9.95E-10,0.056358577
135.3771244,14.94917933,701.0663768,-1.06E-10,9.94E-10,0.048037129
137.6953536,14.46756566,698.9366239,-8.51E-11,9.96E-10,0.062857384
141.8501089,14.20398739,695.3793363,-2.97E-19,-8.55E-18,0.069398944
143.2756715,14.71462657,693.6336034,1.17E-17,-2.55E-16,0.088009552
146.1168882,14.86954584,691.015698,1.46E-18,2.99E-17,0.097485183
144.1598442,14.0946749,691.5768204,5.99E-19,1.17E-17,0.102342351
148.3845978,15.46031849,688.2025694,1.02E-10,-9.95E-10,0.041547304
152.829756,17.69223289,684.854789,3.15E-19,1.16E-17,0.054560675
155.3915694,18.58008665,682.8836996,-8.49E-11,9.96E-10,0.072307357
157.1299173,19.02542607,681.5022296,-4.73E-18,7.43E-17,0.081680134
157.7649731,19.53507074,680.7091374,-1.14E-17,1.53E-16,0.087945411
159.4389497,20.47949269,679.190283,1.00E-17,-1.58E-16,0.099339542
160.817852,20.4082789,677.7286969,-8.26E-18,1.55E-16,0.109721426
161.3268267,20.52994265,676.8114417,-6.53E-18,1.54E-16,0.121508067
162.5516262,20.42530651,675.3684514,-2.46E-11,1.00E-09,0.137010326
165.0875388,21.28330157,672.9615735,-4.26E-18,1.76E-16,0.127390458
166.606013,22.05643012,670.8001895,-4.18E-18,9.82E-17,0.119072475
169.1033236,23.16110404,667.9176067,-1.20E-17,1.64E-16,0.089490411
172.3045901,23.94902328,662.8400181,-3.95E-11,9.99E-10,0.133081295
173.6796173,24.9427751,661.1775217,4.85E-19,7.54E-18,0.128642875
174.1003506,24.83431248,660.1643789,9.66E-19,1.66E-17,0.116953369
174.1142252,25.95836475,660.0080947,7.37E-20,1.50E-18,0.097890541
173.8317078,26.29852961,659.7700809,1.78E-17,-2.13E-16,0.091568261
174.3920772,27.43555929,658.954526,1.96E-17,-2.72E-16,0.105706728
175.3386834,27.82497623,657.8640915,-5.12E-19,-7.52E-18,0.135931017
175.7181552,28.14569018,657.2809334,1.28E-17,-1.91E-16,0.131325936
176.1496997,28.51388211,656.6412493,1.27E-17,-1.99E-16,0.130519469
176.3211856,28.31821784,656.1817272,1.00E-10,-9.95E-10,0.092594894
176.6166192,28.32122031,655.8222638,1.78E-17,-1.99E-16,0.102791265
176.7962998,28.43230794,655.479707,9.54E-11,-9.95E-10,0.097409558
176.6684339,28.5159827,655.3789989,-1.57E-17,1.87E-16,0.117835866
176.4740637,28.79469427,655.2820376,-1.00E-10,9.95E-10,0.094906991
177.164013,29.31275995,654.4493479,1.02E-10,-9.95E-10,0.094779779
177.4911475,29.50961942,653.9227205,-8.95E-11,9.96E-10,0.108495357
178.0953245,29.86638935,653.0710514,-1.10E-10,9.94E-10,0.089391563
178.7255273,30.0948034,652.1903553,-6.19E-19,-1.28E-17,0.096867288
179.1900346,30.38591562,651.5496273,5.40E-19,1.36E-17,0.079918471
180.452741,31.16377722,650.1301562,-8.95E-19,-2.06E-17,0.086931424
180.2495351,31.74944926,649.9481453,6.08E-19,1.14E-17,0.106942051
180.8850838,32.90005407,649.0615955,1.02E-10,-9.95E-10,0.110080961
181.8438067,33.14821071,647.7869381,-2.83E-17,2.42E-16,0.099598286
182.0925482,33.04047436,647.3437946,-2.13E-17,1.96E-16,0.104513191
182.4909786,32.92397976,646.8760256,-8.43E-19,-1.50E-17,0.112768738
182.632998,32.77801733,646.6196299,-1.48E-19,-2.83E-18,0.104591199
183.4189113,32.70740677,645.6925029,-9.80E-11,9.95E-10,0.110540001
183.618389,32.74684401,645.2652139,-2.83E-17,2.32E-16,0.097462535
184.2452463,32.91802543,644.5721729,-3.35E-19,-6.90E-18,0.096144665
185.0299708,33.77932575,643.5310185,2.32E-17,-2.10E-16,0.091250036
185.3028325,33.8682269,643.1387055,-1.38E-10,9.90E-10,0.073821492
184.5512455,33.96811177,643.6311542,3.61E-17,-2.46E-16,0.068075671
183.9442372,34.34133447,643.9129321,-5.13E-19,-1.41E-17,0.072108305
183.7694179,34.4532029,643.7640485,2.68E-17,-1.90E-16,0.082859785
184.1885559,34.38718211,643.3045971,-1.44E-10,9.90E-10,0.072366352
176.8441309,33.78711238,650.3830607,2.62E-19,7.56E-18,0.069204953
177.6406741,33.98037113,649.5400549,1.48E-10,-9.89E-10,0.073200812
177.744722,31.0606678,649.4344963,2.37E-19,7.60E-18,0.062255651
179.1299371,32.28474928,648.1842736,1.32E-10,-9.91E-10,0.078837542
179.7314182,32.83941316,647.5794137,4.05E-17,-2.44E-16,0.049903538
178.5550779,34.0061293,649.0215425,4.11E-19,9.88E-18,0.083737673
179.1051704,34.14889822,648.5103319,-1.86E-19,-4.28E-18,0.086694901
180.3768389,34.75968877,647.5120607,1.34E-10,-9.91E-10,0.088310326
181.4953177,34.97560368,646.5913952,5.88E-19,1.40E-17,0.084051106
178.8519192,34.53402883,649.0349118,3.77E-17,-2.47E-16,0.071003542
179.3414565,34.64727048,648.4612832,2.77E-19,6.51E-18,0.085115097
180.158195,34.83024855,647.6852926,1.49E-10,-9.89E-10,0.073735287
177.1620754,33.8462667,650.5043935,-3.28E-19,-7.48E-18,0.088429437
175.4266218,33.42924175,652.0799274,-3.75E-17,2.24E-16,0.073313744
175.0820634,33.26347979,652.5256645,3.12E-17,-1.90E-16,0.065100422
173.7255797,32.98240311,653.6532785,-1.78E-19,-1.02E-17,0.035024213
173.5874521,32.72240731,653.417447,-4.57E-17,2.51E-16,0.034625927
174.3261267,32.81839088,652.3228067,1.79E-10,-9.84E-10,0.039675233
175.2626745,33.18676559,651.1838277,3.80E-17,-2.06E-16,0.02746865
174.8276984,32.94907087,651.0740985,-1.98E-10,9.80E-10,0.020508662
174.1507568,32.59624259,651.3729198,1.04E-19,1.03E-17,0.020251748
173.7506236,32.26276822,651.6353503,-2.09E-10,9.78E-10,0.007122825
172.9921121,31.67135761,651.8689413,4.92E-17,-2.35E-16,0.016022767
172.0706128,31.11584007,652.6166604,5.20E-17,-2.49E-16,0.001937827
171.2174992,30.71089418,653.2759421,-4.98E-17,2.41E-16,0.010069092
170.3465259,29.34833421,653.8585189,-1.45E-20,-1.47E-17,0.002439682
171.4470139,29.95979178,653.2618478,-1.87E-10,9.82E-10,0.019258561
172.5782039,30.30072047,652.492921,-5.89E-20,-1.71E-17,0.00690377
171.9644148,29.61701075,652.9789402,-7.99E-21,1.95E-18,-0.011655847
173.3112192,30.29862384,652.1900112,-1.77E-10,9.84E-10,0.029353803
173.1969388,30.37039807,652.2485857,-2.57E-17,1.55E-16,0.032317107
172.9504664,30.25340315,652.4961278,-1.46E-19,-7.45E-18,0.039267798
173.033866,30.28793891,652.5137069,3.37E-19,7.75E-18,0.086876863
173.7078439,30.38988606,652.0174682,2.55E-17,-1.91E-16,0.079578363
177.5256188,31.24933789,648.7540734,-7.14E-19,-1.62E-17,0.08806642
178.6944212,31.66770496,647.9444033,-2.18E-19,-5.35E-18,0.081533429
181.9145606,32.38811255,644.9835931,1.11E-10,-9.94E-10,0.09754756
183.7351502,32.84923328,643.4296626,1.39E-10,-9.90E-10,0.069209054
183.0302979,32.74854019,644.0174358,-1.04E-19,-3.18E-18,0.065388707
185.0008324,33.12756513,642.3080649,3.72E-20,1.17E-18,0.063731769
184.4717713,33.33177518,642.7882098,-4.34E-19,-1.24E-17,0.070364386
185.3117162,33.41556171,642.121833,3.18E-17,-1.90E-16,0.049116846
186.0021782,33.50509508,641.5306787,-2.26E-19,-8.04E-18,0.056136434
184.7555273,33.25912209,642.7579811,3.43E-17,-1.88E-16,0.036131707
185.796206,33.25942214,641.7866716,3.16E-17,-2.01E-16,0.047201059
186.2003916,33.18387385,641.3585851,4.05E-17,-2.47E-16,0.04389335
186.3021874,33.21279672,641.2030949,4.02E-17,-2.28E-16,0.046886034
184.5682829,32.64030128,642.7558966,-3.35E-17,1.98E-16,0.035999023
185.3703311,32.70732098,642.1677248,1.53E-10,-9.88E-10,0.053091154
183.8390278,32.1256845,643.2034091,3.75E-17,-2.69E-16,0.050821609
184.7457009,32.19591551,642.3723796,-3.86E-17,2.53E-16,0.047648839
182.3514917,31.45599665,644.5566238,-1.61E-10,9.87E-10,0.041375187
182.6517192,31.30302998,644.0952461,-1.59E-10,9.87E-10,0.042759823
181.8193938,31.0243337,644.7841518,3.02E-17,-1.80E-16,0.050283817
182.3283744,31.19076029,644.5790832,1.49E-10,-9.89E-10,0.052464178
182.823618,30.90666083,644.039576,1.13E-19,4.12E-18,0.054990783
183.4025257,31.07734975,643.5977082,1.56E-10,-9.88E-10,0.043942563
184.1584555,31.09744478,643.0293651,3.13E-17,-2.14E-16,0.042685731
182.5083701,30.66387906,644.3975799,4.12E-19,1.93E-17,0.042313859
183.5511772,30.6412828,643.5002771,-3.91E-17,2.37E-16,0.039879197
183.2312923,30.71836278,643.9298681,-2.58E-19,-1.26E-17,0.040902139
183.1370712,31.02189766,644.2684975,-5.85E-20,-3.20E-18,0.036582894
184.2129459,31.37156359,643.2580584,-1.63E-19,-8.44E-18,0.038579281
185.591953,31.96422101,642.0878054,1.61E-10,-9.87E-10,0.040308326
184.5654425,31.89869621,642.9719279,4.02E-17,-2.55E-16,0.039412145
185.762933,32.14749447,641.9427641,5.84E-20,3.42E-18,0.034167236
186.7445625,32.68053603,640.9983165,-2.33E-19,-1.15E-17,0.040632311
188.5187676,33.69058038,639.7092577,2.35E-19,1.09E-17,0.043229662
186.9059359,33.64108241,641.281949,-5.34E-20,-2.21E-18,0.048345315
185.241016,33.49334722,642.8148928,3.64E-17,-2.59E-16,0.061784767
184.227527,33.59561426,643.7367203,3.06E-17,-1.83E-16,0.05881165
183.4620755,33.52294287,644.4392457,-8.63E-20,-2.87E-18,0.060079786
185.4512839,34.30671597,642.5796753,-3.87E-19,-1.25E-17,0.062084764
186.2516262,33.03876774,641.77892,-2.16E-19,-6.10E-18,0.070835365
188.2023725,34.14369064,640.0289845,-2.69E-17,2.05E-16,0.077632836
188.489542,34.29594856,639.833004,1.24E-10,-9.92E-10,0.086722803
188.6916547,34.48152406,639.7248941,-1.15E-10,9.93E-10,0.096728838
189.1749855,34.9195432,639.350124,-9.65E-19,-1.53E-17,0.12580985
189.347394,35.31181052,639.3350452,-4.09E-19,-6.11E-18,0.132633608
186.5381456,35.20244754,642.0339295,1.50E-17,-2.39E-16,0.160112504
183.9610171,35.0947421,644.4222846,-4.82E-19,-6.59E-18,0.146191665
182.2104694,34.66178347,645.9737445,4.08E-17,-5.07E-16,0.136293404
182.3338961,34.68641759,645.9686688,1.26E-18,1.45E-17,0.172732058
180.2533543,34.42115973,647.8798486,8.66E-11,-9.96E-10,0.13466429
181.3474193,34.61350304,646.9956055,-1.81E-17,1.85E-16,0.133677847
181.5698098,34.60097076,646.9027523,-8.03E-11,9.97E-10,0.14040468
181.5969899,34.49730603,646.8619236,1.10E-18,1.63E-17,0.134915808
182.4096404,34.87832699,646.2886174,-1.20E-18,-1.85E-17,0.12934018
182.8440289,35.13691873,646.0007711,2.22E-17,-1.77E-16,0.115549721
182.6957589,35.03672189,646.211931,-2.30E-17,2.07E-16,0.10232477
182.624992,35.31673429,646.396455,8.28E-19,1.73E-17,0.095599641
182.9290728,35.37391137,646.1459119,-1.94E-17,1.56E-16,0.09219453
182.0913466,35.03577825,646.8761753,6.52E-17,-4.47E-16,0.075414501
181.3494792,34.55628054,647.5686855,3.15E-17,-2.51E-16,0.092413754
181.2516177,34.53828049,647.6903385,-2.91E-17,2.54E-16,0.101691229
181.1397083,34.30610464,647.7153843,-1.21E-10,9.93E-10,0.098813532
181.6295377,34.33070838,647.2284356,4.40E-19,8.55E-18,0.102851918
180.8237591,34.11152048,647.8795453,7.45E-20,1.41E-18,0.100799165
180.0227223,33.86214178,648.5466169,1.21E-10,-9.93E-10,0.097062719
179.7085575,33.77907242,648.7505967,-4.83E-19,-1.03E-17,0.093533418
179.2815721,33.62538938,649.1387228,2.36E-17,-1.97E-16,0.099071241
178.6587363,33.45621421,649.6497178,1.31E-10,-9.91E-10,0.08703678
177.818881,33.30332501,650.2949509,3.02E-17,-2.09E-16,0.063856597
180.2764739,33.8937263,648.183646,3.60E-20,1.02E-18,0.064210735
179.0751439,33.50674263,649.1801863,9.05E-20,3.17E-18,0.057084761
179.6979413,33.4369444,648.7007902,-1.51E-10,9.89E-10,0.065592293
179.4474316,33.18156778,649.067544,1.24E-20,9.49E-19,0.026067565
179.3115437,33.13531092,649.2421592,7.21E-20,7.87E-18,0.019174051
180.282527,33.33246027,648.3532816,-1.68E-10,9.86E-10,0.046442035
180.0731483,33.71731839,648.6620988,4.05E-17,-2.47E-16,0.053517274
180.3341533,33.71761107,648.4813559,1.52E-10,-9.88E-10,0.065102207
182.1985555,34.30714174,646.9729109,-1.58E-19,-7.22E-18,0.042749524
183.4541337,34.73759579,645.9607255,-4.12E-17,2.46E-16,0.052596653
181.8701176,34.14418868,647.2803576,-1.61E-10,9.87E-10,0.056686766
182.595347,34.22208605,646.6290229,1.59E-10,-9.87E-10,0.058033968
183.2868965,34.31744151,646.0566574,-3.32E-19,-1.10E-17,0.060116023
183.4476202,34.2580963,645.8631205,-2.28E-17,1.29E-16,0.06988478
182.9691844,33.90839204,646.1425915,-3.87E-19,-8.77E-18,0.088214712
179.8633774,32.94677287,648.8523893,2.06E-17,-1.57E-16,0.073693513
181.2861473,32.93573399,647.5902615,-1.89E-19,-4.11E-18,0.092021236
182.5754584,33.25455732,646.4441933,-3.20E-17,2.48E-16,0.082792093
183.2148283,33.34375821,645.9052133,3.43E-17,-2.43E-16,0.074067628
180.4272303,32.56016471,648.2520653,-9.43E-20,-1.61E-18,0.116758341
180.9523708,32.56557339,647.8578339,-1.10E-18,-1.76E-17,0.124746606
182.0112606,33.17416429,647.1587372,-1.56E-19,-3.18E-18,0.098127761
183.0372906,33.55977298,646.3149566,8.92E-20,1.38E-18,0.128845237
183.3591413,33.72355224,645.9296908,2.45E-17,-2.46E-16,0.115399751
182.9144773,33.69911324,646.3884654,6.49E-11,-9.98E-10,0.149468411
181.8689719,33.55907515,647.4629634,9.72E-19,1.47E-17,0.133010802
182.0931537,33.71504114,647.465635,-7.22E-11,9.97E-10,0.143213958
181.6656299,33.77171004,647.9176816,1.26E-18,1.50E-17,0.167158488
182.1856282,33.80879043,647.5377209,-1.38E-19,-1.72E-18,0.159627697
182.5035421,33.81067694,647.4345893,-1.14E-17,2.45E-16,0.170650565
181.2498804,33.69704927,648.7115147,5.55E-11,-9.98E-10,0.160875024
181.5486877,33.80733745,648.7676307,-9.84E-18,1.40E-16,0.155785372
183.7945607,34.42877499,647.0828961,-8.31E-18,2.52E-16,0.182433179
183.5028807,34.33234003,647.5344839,-5.77E-19,-6.75E-18,0.171589548
184.3231157,34.62776079,647.1029373,-3.08E-11,1.00E-09,0.186926699
185.132644,34.87475691,646.6467919,-1.40E-19,-1.41E-18,0.197916624
185.7148022,35.17711002,646.5331496,3.91E-19,4.22E-18,0.186374567
183.5171336,35.1756351,648.5721308,8.41E-18,-1.93E-16,0.181269768
184.3978917,35.5835891,648.1920791,-2.53E-11,1.00E-09,0.197322813
185.0359671,35.80234301,647.9690192,-2.08E-18,-1.88E-17,0.221242464
186.0587866,36.01793365,647.2780917,6.40E-18,-2.47E-16,0.197378345
186.5264257,36.12370256,647.0873076,9.67E-10,-4.10E-08,0.199305219
186.4810527,35.79537387,647.2811994,4.84E-18,-1.92E-16,0.201273871
185.6618764,33.61118342,648.2165239,-7.11E-19,-7.29E-18,0.195451377
184.9569512,32.85281714,648.9390087,-6.29E-19,-6.72E-18,0.186462392
184.0735014,32.11672585,649.7284091,2.94E-11,-1.00E-09,0.175402961
185.6522689,33.78247316,648.6882883,-6.66E-18,2.42E-16,0.187173148
185.7270858,33.02613983,648.689411,1.47E-18,1.66E-17,0.177254247
185.7245354,33.69002304,648.6927912,2.64E-19,2.85E-18,0.185301017
186.2431865,33.20910881,648.5441986,-6.12E-18,2.59E-16,0.179622612
183.6259914,33.06170374,651.0236067,4.70E-18,-2.09E-16,0.181775574
183.8201198,32.8224338,650.8727119,-3.37E-11,9.99E-10,0.175080885
184.3593134,32.31660661,650.3921104,-1.85E-19,-2.10E-18,0.175764148
184.5033522,32.23358117,650.1983111,-6.27E-18,1.88E-16,0.177932891
184.8448654,32.35122504,649.8520732,-1.43E-17,2.28E-16,0.154031804
184.8092381,32.1364013,649.7850703,-5.08E-11,9.99E-10,0.153340099
184.8432099,32.20275546,649.7824466,-1.14E-17,2.42E-16,0.160350222
185.3617701,33.93003133,649.2674019,-4.45E-11,9.99E-10,0.168389394
185.9324929,33.49506603,648.9209334,1.19E-17,-2.41E-16,0.164058306
185.5882656,33.07758993,649.1742415,4.52E-11,-9.99E-10,0.16299787
184.9633993,32.60582456,649.7445214,7.02E-19,8.84E-18,0.158658357
185.2369728,32.91828977,649.629864,-3.40E-17,4.43E-16,0.131955538
185.8898336,33.74695108,649.1026938,-6.13E-19,-7.79E-18,0.157006168
184.9435899,34.12881707,649.848334,-5.69E-11,9.98E-10,0.15748564
184.5424876,34.2742594,650.1097601,-6.14E-19,-9.05E-18,0.135485655
185.8957347,33.5946955,649.3586754,-2.11E-10,2.99E-09,0.140234227
182.9381135,32.74711148,651.85577,-8.17E-11,9.97E-10,0.127628538
184.1418607,33.77725562,651.0733915,1.58E-17,-2.20E-16,0.126920684
184.6150098,33.90306377,650.820998,-1.58E-18,-2.31E-17,0.135835699
184.9907793,33.94842369,650.5634818,1.54E-17,-1.91E-16,0.138352467
184.8075689,34.07273094,650.5165555,-3.95E-19,-5.64E-18,0.139765362
184.1600287,33.02483234,650.9067625,-7.67E-11,9.97E-10,0.13275168
184.2506731,32.66628448,650.7526958,1.61E-17,-1.96E-16,0.126878229
184.573654,32.38461229,650.3986638,-9.58E-11,9.95E-10,0.109763829
184.6032508,32.36156048,650.3181937,-4.65E-20,-7.05E-19,0.13183288
184.7712775,32.35279414,650.1143046,-2.21E-17,2.51E-16,0.115324447
184.7692727,32.00744308,650.0087897,-2.18E-17,2.41E-16,0.117328526
185.2607865,31.98914188,649.5461508,-8.63E-11,9.96E-10,0.11646665
186.2436735,32.10299869,648.5962274,2.05E-19,4.42E-18,0.09264196
186.4422301,32.02122084,648.3329471,5.07E-20,1.02E-18,0.099627716
186.8518876,31.96727134,647.8907626,4.39E-19,8.77E-18,0.099935339
186.978356,31.9287179,647.6774785,-9.76E-11,9.95E-10,0.103018198
186.8616759,31.63816606,647.6940569,3.73E-19,8.85E-18,0.084232519
187.1384323,31.2018748,647.3637106,2.15E-17,-2.17E-16,0.085553423
187.3766,31.09183816,647.1309362,-6.98E-20,-1.56E-18,0.089479611
187.4245529,30.86135956,647.032132,9.68E-11,-9.95E-10,0.097858108
187.5321279,30.73358889,646.9054055,1.17E-10,-9.93E-10,0.076362646
187.4604379,30.65799771,646.9177918,2.60E-17,-2.36E-16,0.090685407
187.5203295,30.51229932,646.8296292,6.67E-19,1.41E-17,0.094244258
187.6169229,30.42128088,646.7239108,-1.90E-17,1.91E-16,0.097827847
187.5752996,30.20797194,646.7290994,-2.70E-17,2.55E-16,0.080671008
187.6048635,30.04703472,646.6511821,2.38E-17,-1.96E-16,0.07022753
186.8438425,29.40359308,647.2238922,-1.03E-10,9.95E-10,0.084594575
186.8284265,29.46958423,647.2405956,-5.97E-20,-2.32E-18,0.051468607
185.9314344,29.17936193,648.0046404,1.19E-10,-9.93E-10,0.068410494
186.4425291,29.26009094,647.5367344,-3.05E-17,2.51E-16,0.063732418
186.461638,29.13390043,647.4904511,-2.73E-17,1.96E-16,0.050213351
186.0295774,28.73311184,647.8774235,1.45E-10,-9.89E-10,0.039426749
185.7019314,29.10032951,648.2092489,-2.71E-19,-1.03E-17,0.052652195
185.4897631,28.92538077,648.4529129,3.92E-17,-2.68E-16,0.026774279
185.1961055,28.75149319,648.7241845,-7.87E-20,-7.05E-18,0.022347364
184.7013036,28.51866315,649.203174,7.44E-17,-4.57E-16,0.017551119
184.6578278,28.38732409,649.1103629,-2.87E-17,1.44E-16,-0.008511952
185.2253237,28.35229927,648.5565336,-1.87E-10,9.82E-10,-0.004500519
184.9074338,28.20848098,648.7324308,2.44E-20,6.17E-18,0.00792598
186.4370372,31.38727095,647.4396565,3.45E-17,-1.85E-16,0.023959227
187.2635361,31.08374327,646.6911774,6.22E-17,-2.46E-16,-0.056746881
187.9086174,30.85046354,646.1138896,-1.90E-10,9.82E-10,0.003174644
187.7439202,30.38280268,646.0318297,2.04E-10,-9.79E-10,-0.013629423
187.5959598,30.08708989,645.9608663,-1.54E-19,1.13E-17,-0.027168318
187.7300289,29.78175545,645.5705524,3.77E-17,-1.94E-16,0.000119098
187.8636998,29.788901,645.2533047,-3.35E-17,1.61E-16,-0.03357608
188.2632661,29.83167612,644.5762737,-5.92E-17,2.38E-16,-0.052382522
188.9845631,29.86584873,643.6010869,-2.33E-10,9.73E-10,-0.046864269
189.1485738,29.8045484,643.2402918,2.49E-10,-9.68E-10,-0.06417435
189.5579268,29.88993199,642.5690552,-3.89E-19,9.09E-18,-0.085474274
189.8145989,29.97203254,642.0285354,-1.75E-20,3.12E-19,-0.090652851
189.8557896,29.95738658,641.7243987,6.00E-17,-2.03E-16,-0.109678283
190.0353259,29.91396083,641.2460766,2.85E-10,-9.58E-10,-0.102022858
190.0733573,29.68553206,640.7634627,3.29E-10,-9.44E-10,-0.149017695
190.0446289,29.76648695,640.3368429,3.52E-10,-9.36E-10,-0.173343833
190.0573515,29.85608254,639.9878782,-7.57E-19,1.29E-17,-0.117170575
190.1104971,29.79679849,639.2082627,3.74E-10,-9.28E-10,-0.196185508
190.3261756,29.83177967,638.6673828,-7.86E-17,2.27E-16,-0.13875654
190.2576526,29.87632338,638.3097645,-1.18E-16,2.24E-16,-0.305898137
190.4967233,29.91505361,637.6809867,-3.99E-10,9.17E-10,-0.223531225
190.1690295,29.834803,637.4223349,9.94E-17,-2.36E-16,-0.222049654
190.2239938,29.90690307,636.9141583,8.15E-17,-1.83E-16,-0.224626417
190.2857737,29.94633164,636.4099539,7.40E-19,-5.65E-18,-0.26023402
190.3982763,30.02695209,635.8661456,-4.22E-10,9.07E-10,-0.248143554
190.4986652,30.14295346,635.3408825,-1.07E-16,2.30E-16,-0.254261224
190.6056494,30.28588428,634.6772062,-3.00E-19,1.84E-18,-0.326491452
190.5483218,30.36385851,634.2054718,-2.19E-16,3.91E-16,-0.31605637
189.9872258,30.52051623,634.02842,2.49E-16,-4.32E-16,-0.335810334
190.2821439,30.57977859,633.2301256,1.24E-16,-2.09E-16,-0.33934931
189.3670541,30.63423293,633.4977058,1.06E-16,-1.68E-16,-0.35425414
188.6529492,30.55368182,633.7027714,1.05E-16,-1.74E-16,-0.367068402
188.5422304,30.55302982,633.2060286,2.09E-19,-1.10E-18,-0.369853768
188.0582373,30.46892382,633.2080846,2.58E-18,-1.39E-17,-0.36598465
188.1977836,30.54898225,632.4887266,-1.06E-16,1.54E-16,-0.392405678
188.137238,30.50002149,632.1015138,-1.35E-16,2.02E-16,-0.389163131
187.3524711,30.36651604,632.3259528,-3.39E-18,1.79E-17,-0.374824249
186.7952983,30.4927502,632.4286908,-1.38E-16,1.90E-16,-0.411964385
185.2560903,30.48427141,633.5250502,2.19E-18,-9.89E-18,-0.434121848
185.2374961,30.54152284,633.160639,-1.16E-16,1.52E-16,-0.445351903
184.418066,30.51867772,633.5067886,5.24E-19,-2.25E-18,-0.457332053
184.1065953,30.43337489,633.4589613,-5.92E-10,8.06E-10,-0.437992894
184.0507891,30.47621182,633.0700526,-1.45E-16,1.92E-16,-0.440415556
183.8631038,30.5317915,632.7039332,1.21E-16,-1.44E-16,-0.480978652
183.6774961,30.79648986,632.106336,2.44E-18,-1.00E-17,-0.478641421
183.4302065,30.94250476,631.703737,-2.57E-18,1.07E-17,-0.470768534
182.9432815,31.10513209,631.5818574,-2.75E-19,1.07E-18,-0.508024451
181.7872691,31.24775528,632.2586612,-8.26E-19,3.16E-18,-0.511653427
180.9273876,31.20090705,632.6056926,-6.59E-10,7.52E-10,-0.516549056
180.3145614,31.09647604,632.8141619,3.00E-16,-3.36E-16,-0.532481198
179.4574385,31.07974742,633.2736589,2.53E-18,-9.59E-18,-0.515376498
178.9528796,31.12308634,633.2508954,2.01E-19,-7.18E-19,-0.546482454
178.5657035,31.33328145,633.1389548,2.76E-18,-9.69E-18,-0.553502451
178.4910986,31.60579275,632.8290077,-1.38E-16,1.48E-16,-0.531046517
178.7185803,31.96000881,632.3004236,1.67E-16,-1.81E-16,-0.533468415
178.5671062,31.9822394,632.223324,-7.28E-19,2.51E-18,-0.562950057
179.6552355,32.9520104,631.1647055,-6.89E-10,7.25E-10,-0.545446371
179.1978172,33.16908185,631.3329138,3.74E-18,-1.65E-17,-0.445951881
179.2517056,33.3333064,631.185838,2.84E-16,-3.02E-16,-0.552913216
179.012773,33.38560484,631.3050422,2.81E-16,-3.10E-16,-0.539250687
178.8841994,33.43535632,631.3134196,-3.26E-18,1.20E-17,-0.532350568
178.5020109,33.48179508,631.5853524,-2.27E-18,1.24E-17,-0.362172504
177.942926,33.50130516,632.0161847,-1.09E-18,3.81E-18,-0.553985711
178.4457188,33.95579649,631.4628836,6.95E-10,-7.19E-10,-0.547432504
178.1978456,33.93409437,631.6525,-6.85E-10,7.28E-10,-0.533917136
178.0708928,34.07960234,631.709852,-1.69E-16,1.78E-16,-0.534110321
178.4070155,34.33704155,631.3576852,-6.85E-10,7.28E-10,-0.531939081
178.1608838,34.41204804,631.5467091,-1.70E-16,1.81E-16,-0.53377378
178.588852,34.61614733,631.0569182,-6.76E-10,7.37E-10,-0.517707621
179.092363,34.86561928,630.5169133,-4.29E-18,1.58E-17,-0.531102903
179.4294198,35.00244973,630.1381661,6.70E-10,-7.42E-10,-0.509225029
179.4503545,34.98102502,630.0680926,-3.08E-16,3.42E-16,-0.51484253
179.7336923,34.99922827,629.7487902,3.28E-19,-1.26E-18,-0.509647641
180.1715861,35.08017297,629.2738625,3.24E-19,-1.25E-18,-0.509078341
180.0355463,35.04379401,629.3676186,-1.36E-16,1.39E-16,-0.513168432
181.5592834,35.4423248,627.7241215,-3.45E-20,1.63E-19,-0.457677966
181.8573323,35.58940747,627.3707474,3.83E-18,-1.43E-17,-0.523417555
182.0384935,35.65238686,627.0823559,4.68E-18,-1.73E-17,-0.529954825
183.0580935,35.94372111,626.01395,-1.93E-18,7.50E-18,-0.504154707
183.2818906,36.01041258,625.7486005,-8.36E-19,3.14E-18,-0.519606218
183.4934557,36.03052123,625.6269957,-8.27E-19,3.19E-18,-0.510189872
184.1175705,36.42227737,624.9582153,2.99E-18,-1.14E-17,-0.512451849
184.047699,36.34400857,625.059974,-6.75E-10,7.38E-10,-0.5135389
183.8861338,36.31235093,625.2789941,-4.01E-18,1.56E-17,-0.504882445
184.3697502,36.49319064,624.84784,6.69E-10,-7.43E-10,-0.506196288
184.4226204,36.51185079,624.8629263,-6.56E-10,7.55E-10,-0.488135237
184.2679819,36.52891232,624.9745184,1.28E-16,-1.40E-16,-0.50336336
184.3585751,36.59681779,624.8322485,-1.42E-16,1.66E-16,-0.500235462
184.3965031,36.69637839,624.8072818,-6.35E-10,7.73E-10,-0.459198136
184.4034181,36.71370403,624.7791662,-1.45E-16,1.53E-16,-0.532800933
184.5100087,36.80752057,624.6857935,-1.88E-18,7.18E-18,-0.513649271
184.4038333,36.87376461,624.742205,-3.37E-18,1.30E-17,-0.505904558
184.5945884,36.93646291,624.5346114,1.41E-16,-1.45E-16,-0.520285713
184.3972133,37.38458298,624.6529415,-4.92E-19,1.91E-18,-0.50375833
184.3855314,37.38376296,624.7060925,-5.82E-19,2.25E-18,-0.506172962
184.6369314,37.55937064,624.3725818,1.40E-16,-1.53E-16,-0.501926344
184.9946043,37.69182289,624.0970177,-3.15E-18,1.23E-17,-0.502342067
185.0602202,37.679356,624.0577569,-1.41E-16,1.55E-16,-0.505509811
185.1812884,37.60905733,623.9997433,-1.68E-16,1.92E-16,-0.505541676
185.9723456,37.24430256,623.2538208,-6.70E-10,7.42E-10,-0.505338175
185.883581,36.94164884,623.3883353,-1.70E-16,2.02E-16,-0.508195227
185.7172425,36.65587122,623.5773818,6.65E-10,-7.47E-10,-0.500611434
185.902039,36.96024612,623.3502037,1.33E-16,-1.54E-16,-0.508095713
185.5853914,36.47541244,623.6391319,-3.72E-18,1.42E-17,-0.513216908
186.1826911,36.2567139,623.1007608,5.59E-19,-2.14E-18,-0.511039888
185.7690134,35.59179836,623.552351,-1.64E-16,1.79E-16,-0.515542481
185.1341185,34.11358681,624.1443291,8.81E-19,-3.28E-18,-0.524961257
185.1351532,33.4036666,624.1327466,2.19E-18,-8.00E-18,-0.534908927
185.1378883,32.92121441,624.2546301,6.75E-10,-7.37E-10,-0.533711056
185.8556562,32.43187012,623.7084148,-2.75E-18,9.99E-18,-0.537196623
185.8440631,31.78207661,623.8206483,-9.59E-19,3.47E-18,-0.540196783
185.7737725,31.08426002,623.9741048,-6.79E-10,7.34E-10,-0.549423879
185.87015,30.71983455,623.8337098,-6.80E-10,7.34E-10,-0.551687248
185.8660876,30.3013081,623.7953798,3.60E-18,-1.26E-17,-0.555846519
185.6358572,29.29888499,624.101541,-2.70E-16,2.82E-16,-0.55747174
185.5615248,29.10073288,624.1869126,-1.99E-18,6.88E-18,-0.562193822
185.5234737,28.84356035,624.184913,-1.62E-16,1.64E-16,-0.558028721
185.7105898,28.43062711,624.0481677,-6.67E-10,7.45E-10,-0.546013412
185.7460038,28.1740079,624.044656,-1.43E-16,1.55E-16,-0.564607984
185.8933475,27.97498605,623.9249919,1.43E-16,-1.57E-16,-0.562572574
185.9319858,27.83710572,623.8538475,6.89E-10,-7.25E-10,-0.579208257
186.0223894,27.71781465,623.7850371,1.32E-16,-1.39E-16,-0.578744808
186.0349249,27.5880821,623.777696,-2.09E-18,7.01E-18,-0.578980777
186.6447898,27.63923559,623.1387291,-1.44E-16,1.57E-16,-0.569917972
186.6012235,28.16462402,622.9898601,1.84E-18,-6.28E-18,-0.57028674
186.6145482,28.3013872,622.9308934,-1.32E-16,1.38E-16,-0.573400866
186.6561334,28.39537339,622.8794984,1.64E-16,-1.63E-16,-0.571288177
186.5779885,28.1399517,622.9440451,4.45E-18,-1.50E-17,-0.577813222
186.8105053,28.12712486,622.7722096,-6.82E-10,7.32E-10,-0.568928918
186.7909451,28.02633176,622.7923426,-6.85E-10,7.29E-10,-0.573834171
186.90282,28.38134147,622.6303935,1.47E-16,-1.62E-16,-0.573620055
187.0843191,28.40217485,622.4615996,-6.88E-10,7.26E-10,-0.576176173
187.186599,28.40828169,622.3476364,-6.84E-10,7.29E-10,-0.570992821
187.3067259,28.74800881,622.1797378,8.85E-19,-3.05E-18,-0.564856651
187.4678605,28.5751477,621.9888999,-3.58E-18,1.20E-17,-0.57815291
187.6491114,28.65016194,621.8196852,6.87E-10,-7.26E-10,-0.574562566
187.6291958,28.55681476,621.7887624,1.70E-16,-1.84E-16,-0.573269177
188.0598293,28.76577565,621.3259909,2.79E-16,-2.98E-16,-0.573785917
188.5301434,28.95171437,620.7557651,2.31E-18,-7.85E-18,-0.571439634
188.4677156,29.29278319,620.6072642,1.41E-16,-1.43E-16,-0.566376254
188.7592292,29.34454164,620.3028162,-1.72E-16,1.97E-16,-0.563868517
188.9549784,29.45350746,620.0334683,1.47E-16,-1.63E-16,-0.565488887
189.0210262,29.76585209,619.8017384,-1.43E-16,1.54E-16,-0.556214493
189.5337172,30.47239768,619.1345697,4.85E-18,-1.71E-17,-0.552460658
189.8244177,30.67091231,618.8579836,1.62E-16,-1.66E-16,-0.551125553
190.2200383,30.92074367,618.4414231,1.74E-18,-6.22E-18,-0.545248781
191.3741311,31.65930772,617.2795146,-6.70E-10,7.42E-10,-0.539225572
192.2227338,32.16488121,616.3511913,9.85E-19,-3.61E-18,-0.534457345
191.7742005,32.16684275,616.7869711,1.63E-16,-1.73E-16,-0.541510654
192.2133633,32.44060411,616.3557575,1.35E-18,-4.91E-18,-0.537739786
192.1497943,32.64345044,616.2960085,2.22E-18,-8.05E-18,-0.538903327
191.9576289,33.19692093,616.3263844,-6.75E-10,7.38E-10,-0.539042258
191.7671026,33.46994786,616.6084729,-6.74E-10,7.38E-10,-0.536421212
191.682212,34.06560448,616.6795408,3.46E-18,-1.24E-17,-0.542539017
191.7732656,34.56220513,616.5561416,3.78E-18,-1.38E-17,-0.534597102
191.1472504,35.34426179,617.0422835,-3.59E-18,1.31E-17,-0.535979559
190.972002,35.51050561,617.2431672,-2.88E-18,1.05E-17,-0.533743643
190.518892,36.07905461,617.5471036,1.97E-18,-7.24E-18,-0.531752223
190.353462,36.43853867,617.7573194,6.80E-10,-7.33E-10,-0.527676329
189.759312,36.49424366,618.2937048,1.47E-16,-1.58E-16,-0.538214336
188.5431301,36.87241583,619.4279166,-2.76E-18,9.85E-18,-0.545637906
188.4752397,37.23045952,619.511195,-1.73E-16,1.85E-16,-0.541218478
188.4822142,37.52325982,619.4373861,-1.67E-18,5.91E-18,-0.552039254
188.3913911,37.61794725,619.5211337,1.07E-16,-1.03E-16,-0.538663123
188.3611674,37.74224657,619.5504294,-2.76E-18,1.00E-17,-0.536308184
188.3562185,37.74545056,619.4984505,1.50E-18,-5.43E-18,-0.538206326
188.5341914,37.99332869,619.1522805,1.70E-16,-1.78E-16,-0.535976252
188.7627666,38.43759644,618.7233983,-1.47E-16,1.50E-16,-0.536563386
189.670555,39.02526727,617.6141859,-6.89E-10,7.25E-10,-0.526018304
189.7061653,39.21501381,617.3744792,1.68E-16,-1.73E-16,-0.525916015
189.7476952,39.3693489,617.0994224,-2.05E-18,7.71E-18,-0.520686941
189.819748,39.6975186,616.7764967,1.67E-16,-1.72E-16,-0.520565291
189.921737,39.93932295,616.4837858,-6.86E-10,7.28E-10,-0.517244483
189.9081084,40.17083408,616.3725201,-1.71E-16,1.84E-16,-0.521661145
189.7573922,40.45375824,616.3867738,-6.80E-10,7.33E-10,-0.506945844
189.3301923,40.949084,616.6842231,1.68E-16,-1.83E-16,-0.507608464
188.2945081,41.70300723,617.4508655,-1.66E-16,1.67E-16,-0.511997039
188.4282813,42.54486889,617.2558586,-1.74E-16,1.96E-16,-0.509792807
188.6043437,43.64279514,616.9211405,6.83E-10,-7.31E-10,-0.492940864
188.7131771,44.55624512,616.5754721,6.83E-10,-7.30E-10,-0.489704842
189.5573427,45.88638574,615.3979567,-1.51E-18,6.05E-18,-0.491714957
189.433384,47.2522786,615.0209882,-1.48E-16,1.60E-16,-0.480552718
189.5499295,48.08134108,614.6466927,-9.04E-19,3.73E-18,-0.475690259
189.0271056,49.45045775,614.706535,1.36E-18,-5.69E-18,-0.468460152
187.8463016,50.46765526,615.9237031,1.68E-16,-1.84E-16,-0.456392829
186.545203,51.49408319,617.1517298,1.46E-16,-1.58E-16,-0.455520203
185.5217017,51.89974972,618.3402079,-6.92E-10,7.22E-10,-0.460650204
184.7654587,52.67568223,619.1134224,1.49E-16,-1.58E-16,-0.462886966
184.1449176,53.39282972,619.6121853,1.53E-16,-1.69E-16,-0.465618691
183.687598,53.69094997,620.0323104,-6.92E-10,7.22E-10,-0.448352865
182.8763683,54.33566289,620.7575995,1.27E-18,-5.56E-18,-0.450247679
182.3821533,54.71529352,621.1733358,-6.94E-10,7.20E-10,-0.443887177
181.7694582,55.05817253,621.6956682,-1.72E-16,1.94E-16,-0.432590559
181.483455,55.44178184,621.8024049,-1.49E-16,1.59E-16,-0.442580684
181.1487367,55.86136126,622.0344502,-1.13E-16,1.27E-16,-0.441788018
181.4945833,56.49969495,621.5978562,6.95E-10,-7.19E-10,-0.435506881
182.0407654,57.25714038,620.783255,-1.68E-16,1.70E-16,-0.427069925
182.2102839,57.94769903,620.4348043,-1.43E-18,6.25E-18,-0.45013161
181.7185245,58.64680415,620.8066463,7.15E-10,-6.99E-10,-0.452749612
179.7481913,55.50843109,624.603234,1.74E-16,-1.63E-16,-0.466072599
179.8867831,56.4618601,624.1354596,-7.06E-10,7.09E-10,-0.447335215
179.9316264,55.41199156,624.8360506,-1.38E-16,1.41E-16,-0.457094483
179.0111531,53.98071236,626.4644468,1.35E-16,-1.30E-16,-0.456711189
178.7056772,53.90497139,627.256537,-1.70E-16,1.66E-16,-0.447388652
177.7450307,53.43977069,628.2622675,-3.23E-16,3.29E-16,-0.459205581
178.2590811,53.57216062,627.9802638,1.83E-18,-7.67E-18,-0.468064903
179.2923812,54.33352789,626.9674498,3.12E-18,-1.40E-17,-0.439512765
179.0732289,54.00377624,627.6013617,-2.77E-18,1.21E-17,-0.450611195
178.9101436,53.52882351,628.0116388,1.71E-16,-1.87E-16,-0.43248515
179.5070946,53.47330724,627.7664336,-1.70E-16,1.87E-16,-0.429865622
178.3191384,52.4547698,629.1917665,6.74E-10,-7.39E-10,-0.421156263
177.5209816,51.21232569,629.8974416,1.67E-18,-7.55E-18,-0.434763047
177.3587289,50.57793958,630.4860269,-1.66E-16,1.87E-16,-0.421006607
176.9982349,49.86355998,631.2436483,-8.84E-19,4.04E-18,-0.432427761
176.4127435,49.50949167,631.8177344,6.87E-10,-7.27E-10,-0.45031417
177.3221173,49.34230949,631.2789967,2.92E-18,-1.29E-17,-0.447096476
177.995907,48.99405244,631.1390309,1.68E-16,-1.91E-16,-0.4370447
176.7534983,50.89092812,631.5198783,6.88E-10,-7.26E-10,-0.445644372
177.6919116,47.67338533,631.2561998,1.05E-16,-1.79E-16,-0.234720109
184.4792221,54.62210003,622.9407457,6.80E-10,-7.33E-10,-0.42849587
186.2069872,55.3803504,620.5379754,-2.09E-18,9.92E-18,-0.415633018
183.3793365,53.73437354,624.2588661,-1.21E-16,1.78E-16,-0.291490854
184.3416084,49.50856843,624.7903747,-4.20E-18,1.86E-17,-0.44353006
187.1527154,47.58984644,623.4696683,-1.64E-16,1.79E-16,-0.454162857
189.1405748,46.04600501,622.3944736,-2.62E-18,1.10E-17,-0.467402929
194.2907694,49.37106834,615.6989581,-1.54E-16,1.79E-16,-0.410710013
194.808051,46.09301501,617.1621754,-3.64E-18,1.49E-17,-0.478144009
196.3995375,43.31896886,617.1491663,-1.69E-16,1.97E-16,-0.490757717
196.7656088,41.07061517,616.4587617,-4.13E-20,1.77E-19,-0.496469585
197.3721596,40.79326608,615.2733533,1.03E-16,-1.07E-16,-0.492289416
195.6636895,37.16254187,617.0422781,1.75E-20,-8.10E-20,-0.382941056
198.511839,34.85116148,616.2987595,-6.66E-10,7.46E-10,-0.525255036
197.3081736,32.18416328,617.5039505,-6.57E-10,7.54E-10,-0.525693996
196.4716044,28.58907454,618.3130285,-7.15E-19,2.56E-18,-0.544381441
194.8699016,25.57529198,619.8697083,6.51E-10,-7.59E-10,-0.547920162
193.7613967,22.59816943,621.5006297,6.48E-10,-7.62E-10,-0.55823497
192.21138,20.12075387,623.3855903,-6.68E-10,7.44E-10,-0.596718585
191.1337365,17.5011876,625.068245,1.05E-16,-1.21E-16,-0.601615293
190.7932208,19.012592,625.2881744,-2.96E-19,9.22E-19,-0.622041051
187.7295209,13.93221952,626.6530934,-1.39E-16,1.53E-16,-0.625022745
185.9384523,11.10933197,627.2552393,4.54E-18,-1.34E-17,-0.651671963
184.0489355,8.396234591,627.8696732,2.47E-18,-7.06E-18,-0.671961157
183.1262476,6.875778783,628.0452679,1.66E-16,-1.65E-16,-0.695653781
181.6247871,4.90452895,628.5669758,-1.28E-16,1.29E-16,-0.690588952
180.0040695,2.859901386,628.7572364,-1.31E-16,1.35E-16,-0.703568449
178.4013511,2.172058458,628.7924317,-4.86E-18,1.29E-17,-0.720675672
176.7692977,1.532944458,628.838903,-2.82E-18,7.39E-18,-0.72897109
175.2420153,1.115696782,628.5281751,6.95E-10,-7.19E-10,-0.728177614
172.9997491,0.685554406,628.2585223,6.72E-10,-7.40E-10,-0.698459685
172.5105342,0.582120551,627.0832016,6.76E-18,-1.80E-17,-0.719558643
170.9608883,0.201832235,626.4255946,3.73E-18,-9.97E-18,-0.714879388
170.9007428,1.447174926,624.851171,-2.00E-19,5.29E-19,-0.722134906
170.8800687,1.82763968,622.785598,5.71E-10,-8.21E-10,-0.562499686
170.4545241,2.197293365,621.1638404,-1.16E-16,1.23E-16,-0.734682144
169.3718254,2.582354587,619.5611811,1.25E-16,-2.06E-16,-0.489771556
168.1336188,2.907423767,618.822148,5.48E-10,-8.37E-10,-0.52653929
167.163555,3.54850593,617.6899962,6.98E-10,-7.16E-10,-0.715346759
163.5058149,4.827507585,618.7918288,-6.93E-10,7.21E-10,-0.699817664
163.3833338,5.647887422,617.118577,1.68E-16,-1.61E-16,-0.708801871
163.2681484,6.610100063,615.4456606,-3.74E-18,1.62E-17,-0.4547116
162.791646,9.518179435,614.691268,6.61E-18,-1.81E-17,-0.699461803
161.3451462,11.70283208,614.1712846,7.20E-10,-6.94E-10,-0.694120575
160.1963436,13.2463138,613.2457026,-3.60E-16,5.82E-16,-0.441996977
159.005465,14.9732682,612.6368679,-1.81E-16,1.79E-16,-0.680580668
157.8235112,16.85855556,611.8808877,-5.61E-10,8.28E-10,-0.451506785
156.378061,18.23434044,611.8601396,-9.55E-19,2.80E-18,-0.655005284
150.913552,21.36374617,613.9821466,3.22E-16,-3.32E-16,-0.595051376
148.6465501,22.65024327,614.0301233,-1.46E-16,1.38E-16,-0.592163611
145.4123618,24.52867439,613.1111703,-3.40E-18,1.21E-17,-0.547102441
144.1237672,25.9527329,612.00063,1.71E-16,-1.97E-16,-0.525036323
142.2447549,27.84761597,611.1640529,-1.69E-16,1.80E-16,-0.524046228
141.9590658,29.47349012,609.8069583,1.50E-16,-1.71E-16,-0.509089432
141.0484314,31.45764924,608.056518,-3.07E-16,3.20E-16,-0.485052677
139.7607608,33.63696504,607.147317,2.98E-18,-1.25E-17,-0.4672484
143.1274597,37.15229124,604.7310361,3.17E-16,-3.22E-16,-0.475786079
138.7473611,39.15458788,605.0168641,1.63E-16,-1.59E-16,-0.440175794
137.4468289,40.6713818,604.4321859,-1.64E-16,1.78E-16,-0.40823953
133.029062,42.33827343,604.204407,6.49E-10,-7.61E-10,-0.355031942
130.4622722,43.73190975,603.9476332,-6.68E-10,7.44E-10,-0.364678449
129.2158894,45.53918499,604.1439798,-6.63E-10,7.49E-10,-0.342212629
127.836516,47.15377323,604.0825357,2.32E-18,-1.41E-17,-0.326984793
126.8603222,48.96423132,603.996834,-1.04E-16,1.18E-16,-0.298566236
126.5298914,51.68003266,604.0517049,-6.45E-10,7.64E-10,-0.269254953
126.7048066,54.45924997,604.1422836,-6.44E-10,7.65E-10,-0.249663336
131.7067916,52.43119658,603.8626498,-6.44E-10,7.65E-10,-0.278636517
130.1495727,54.85577486,603.7376342,6.34E-10,-7.73E-10,-0.245120308
129.5363526,58.16037386,603.2473373,2.50E-16,-3.19E-16,-0.20181134
144.2079351,67.43635564,598.87446,7.44E-19,-5.56E-18,-0.266171071
142.6607112,68.83017891,599.0981441,-1.46E-16,1.71E-16,-0.247869752
146.9625463,74.59353695,597.0863669,6.84E-10,-7.29E-10,-0.247412537
146.0806386,75.78243425,597.1206239,-6.88E-10,7.26E-10,-0.243777426
151.4617797,81.68433274,594.5669165,6.98E-10,-7.16E-10,-0.242790652
153.3168107,84.00915467,593.4292459,7.01E-10,-7.13E-10,-0.240880962
154.473106,85.49163742,592.7281004,-2.59E-19,2.24E-18,-0.230957203
156.2203809,88.26657876,592.2750049,1.53E-16,-1.62E-16,-0.223444696
157.2745692,89.208969,592.6573381,-6.37E-19,5.70E-18,-0.22276275
159.1533928,90.58249405,592.6025667,1.54E-16,-1.51E-16,-0.237489667
166.2384639,86.58404005,591.8835665,7.03E-10,-7.11E-10,-0.267493499
170.6778718,84.03584015,592.08566,-7.06E-10,7.08E-10,-0.294848329
174.153403,81.63755697,592.2959546,-1.65E-16,1.68E-16,-0.298250604
172.630902,82.03543264,594.0768593,1.45E-18,-9.90E-18,-0.291170608
171.0399979,81.72311815,596.5043759,-1.51E-16,1.57E-16,-0.288301397
170.3326463,79.66735703,598.2397686,-6.88E-10,7.25E-10,-0.289719609
169.6185925,76.79482099,600.2168686,6.77E-10,-7.36E-10,-0.285885108
168.5091781,72.0721815,603.5599178,-1.43E-16,1.67E-16,-0.280527374
167.3339847,67.54189681,606.6691416,-1.42E-16,1.54E-16,-0.312073608
170.5155085,63.6237121,607.7293173,-1.59E-16,1.73E-16,-0.334373733
172.2860349,60.29401739,608.4782901,-1.63E-16,1.85E-16,-0.36085338
175.1093528,56.34768079,610.0011884,-2.06E-19,1.04E-18,-0.390535152
175.5106653,53.64704744,611.45295,-1.67E-16,1.92E-16,-0.412455809
177.5659102,50.4288322,611.6311185,1.68E-16,-1.84E-16,-0.443846289
179.564772,46.90100226,612.1430188,-1.66E-16,1.72E-16,-0.466266249
181.6152775,43.36245947,613.1535025,1.73E-16,-1.71E-16,-0.522691753
181.294651,39.52207976,614.4378349,1.14E-18,-4.05E-18,-0.550234509
180.2389998,36.29399729,615.7227857,7.09E-10,-7.05E-10,-0.556882728
179.3553242,33.1269811,617.7123045,-1.81E-18,6.02E-18,-0.584609208
181.4703088,29.2122538,618.8191112,-1.93E-18,6.04E-18,-0.616654217
179.4841652,24.91029296,620.6731139,3.92E-18,-1.24E-17,-0.612308428
180.6883698,22.53611169,621.1772033,-1.14E-16,1.19E-16,-0.628804749
177.3652107,18.92557447,625.9153422,-1.47E-16,1.42E-16,-0.648542216
175.3828087,16.14775787,626.1423031,1.12E-16,-1.15E-16,-0.65766809
171.4820918,12.22822247,626.4536066,5.37E-18,-1.53E-17,-0.67324675
168.9242815,9.451320694,626.9618601,1.71E-18,-4.72E-18,-0.694737171
165.3673423,5.873286193,627.5670921,-4.43E-18,1.22E-17,-0.697467999
159.9482185,2.454846359,628.3950412,-6.89E-10,7.25E-10,-0.7066819
156.92819,0.909604371,628.3513947,1.68E-16,-1.74E-16,-0.714267871
144.9426571,-3.342218773,628.9066435,6.32E-10,-7.75E-10,-0.665387124
137.9885639,-5.260091486,629.1733821,-1.22E-19,3.52E-19,-0.668097475
134.8732683,-5.142696843,629.2742625,2.86E-16,-3.54E-16,-0.682813776
132.0229947,-5.906393887,629.4858853,1.18E-16,-1.42E-16,-0.667974472
128.6402375,-5.922792357,629.2732112,-4.33E-18,1.28E-17,-0.654611656
122.6944851,-5.758685594,629.1953661,-1.16E-16,1.57E-16,-0.629921424
119.0765933,-5.833777193,628.8283174,6.14E-10,-7.89E-10,-0.66021784
114.1198594,-5.858530717,628.1468212,6.11E-10,-7.92E-10,-0.655991823
109.9574413,-5.332636805,626.8337753,1.22E-16,-1.56E-16,-0.657502662
105.7428965,-4.721263242,625.4967323,6.03E-10,-7.98E-10,-0.635312226
106.3628312,-5.7646843,622.4158805,1.17E-16,-1.45E-16,-0.658349765
99.76117827,2.247605782,623.1819631,1.22E-16,-1.64E-16,-0.56857706
99.4719376,-1.275971162,619.6825422,6.01E-10,-7.99E-10,-0.597314307
92.68560014,-0.196025932,618.0283292,2.09E-18,-7.43E-18,-0.549515586
89.53764393,2.884444955,617.2898019,4.25E-18,-1.65E-17,-0.50340944
84.63566825,4.912890055,617.8765442,-1.07E-16,1.63E-16,-0.446727628
81.94624825,10.20737429,617.7053282,-5.71E-10,8.21E-10,-0.411612749
93.65166283,8.195648288,613.1986636,2.93E-18,-1.23E-17,-0.468220793
84.85952344,10.26205401,615.8588829,-2.82E-16,3.88E-16,-0.422255942
83.82865801,12.7119703,614.1379428,-6.00E-19,3.04E-18,-0.392671212
82.1237037,14.13197155,613.031267,-5.33E-10,8.46E-10,-0.319076634
80.90337062,15.72028613,611.7980815,8.04E-19,-5.65E-18,-0.282495301
81.07974665,19.47034232,612.6239024,1.28E-16,-2.16E-16,-0.234431837
79.67603487,20.75717099,610.9246122,-2.06E-18,1.72E-17,-0.238137654
79.22354458,22.2500368,610.5238344,1.34E-16,-2.10E-16,-0.223476909
79.65155135,24.3017301,610.2021658,1.34E-16,-2.25E-16,-0.197409026
80.54196515,26.18023646,609.4818058,5.28E-10,-8.49E-10,-0.171502123
81.78130967,28.32063506,608.9971245,2.62E-16,-4.25E-16,-0.154670788
82.90742279,30.66338775,608.4515911,-6.70E-19,9.84E-18,-0.135913784
82.58374819,32.39714834,608.5257945,1.04E-16,-1.66E-16,-0.115094883
83.3195845,34.80674196,608.876571,2.58E-16,-4.26E-16,-0.08480747
84.92675041,37.14166627,609.8346361,5.27E-10,-8.50E-10,-0.078110037
86.2444279,39.73623723,610.7557983,2.14E-16,-3.53E-16,-0.064251151
87.29041119,41.74001372,611.677478,-1.27E-16,2.24E-16,-0.031959249
88.6659891,43.61224708,612.20228,-6.01E-20,5.76E-18,-0.020863694
91.81435354,46.70392419,612.1996482,-4.93E-10,8.70E-10,0.012998843
121.4088059,67.23503189,609.7111815,-2.17E-19,3.64E-18,-0.122972089
120.9668028,66.7116071,611.0568865,-1.43E-16,1.93E-16,-0.07753545
133.5963286,68.88696935,610.4843656,-1.50E-16,1.91E-16,-0.145581453
146.9034504,71.6096624,609.8124584,-1.20E-19,1.14E-18,-0.203458695
150.6031683,71.98207081,610.3342396,1.50E-16,-1.90E-16,-0.184120257
150.7983481,73.00352686,610.9562284,1.30E-16,-1.74E-16,-0.164240464
155.4849246,73.67146872,609.7395088,-1.48E-16,1.86E-16,-0.181102406
158.2548732,74.3463273,609.8254739,-1.81E-19,2.28E-18,-0.155666937
159.1049081,74.86268047,610.8721139,-5.28E-19,6.36E-18,-0.16686541
159.7832409,74.60604895,612.3699985,1.26E-16,-1.81E-16,-0.155530504
193.2387351,73.50072672,591.7119048,-9.73E-20,9.08E-19,-0.213510561
191.6902917,71.51622972,599.6993467,2.44E-16,-3.52E-16,-0.216823119
192.2288058,71.4812082,601.4718726,1.23E-16,-1.79E-16,-0.21823396
189.9164974,68.89118802,604.633155,7.58E-19,-6.71E-18,-0.223894336
186.1097295,66.2206141,607.9187934,1.31E-18,-1.24E-17,-0.209866638
182.6018635,64.78919522,614.0768026,-9.26E-17,1.32E-16,-0.243788531
184.237618,62.08245659,615.7238301,5.58E-10,-8.30E-10,-0.236032195
184.7088257,58.11323924,616.8805878,-5.68E-10,8.23E-10,-0.268429719
183.5543901,54.02149846,618.6749685,5.59E-10,-8.29E-10,-0.275392143
182.0265268,50.26259584,621.3604822,-5.50E-10,8.35E-10,-0.281567061
179.2195928,45.42673555,627.1176419,-1.75E-18,1.14E-17,-0.304943096
177.9550159,41.14883465,629.5516844,5.57E-10,-8.30E-10,-0.330783283
173.7439108,36.60684584,631.8875981,-1.07E-16,1.77E-16,-0.327693761
172.0129856,32.75247231,634.2683776,2.55E-18,-1.57E-17,-0.320855741
167.0769608,28.12742253,636.0001234,3.05E-18,-1.92E-17,-0.315183794
167.3013543,24.78848208,636.9358915,1.15E-18,-6.78E-18,-0.335859666
165.3028779,21.48262129,637.218859,-4.85E-10,8.75E-10,-0.340640285
170.4864473,17.83227962,633.6286046,-4.71E-10,8.82E-10,-0.350713868
166.6970494,14.72819897,635.0419676,-7.11E-17,1.22E-16,-0.374511483
162.8961317,11.81378874,635.7510794,1.34E-18,-7.64E-18,-0.347047046
158.8406909,8.291099271,636.5288177,-1.41E-18,9.13E-18,-0.306306361
157.2195399,5.829321408,637.2025629,-8.43E-17,2.47E-16,-0.263987762
156.1111859,3.61076139,637.6990185,-2.91E-18,1.73E-17,-0.332882755
154.2504018,1.836995131,637.4052825,1.77E-18,-1.38E-17,-0.25533008
146.4271106,-2.697132313,637.5768153,-2.43E-16,6.00E-16,-0.361769915
143.5357451,-5.555474323,635.6668203,5.20E-10,-8.54E-10,-0.54427452
139.1866585,-3.931862437,635.5228742,-1.60E-18,1.08E-17,-0.29452262
136.2316637,-0.691524252,634.836166,7.50E-17,-2.33E-16,-0.269854611
134.3787071,2.02198486,634.6532401,2.25E-18,-1.65E-17,-0.271421018
132.9354327,4.033244146,634.0365804,1.56E-16,-3.74E-16,-0.322319597
131.2567143,5.301963009,633.3849454,-4.68E-10,8.83E-10,-0.401462183
130.9258608,6.375829185,632.3533437,-4.88E-10,8.73E-10,-0.415160103
129.8883365,7.304505322,630.4427401,2.53E-18,-1.31E-17,-0.382034319
128.9852995,7.573284932,629.2402616,1.26E-16,-2.25E-16,-0.417916573
128.5046181,7.507413568,627.7534696,1.32E-16,-2.29E-16,-0.437329611
128.0463325,6.168963719,626.4474242,3.48E-18,-1.59E-17,-0.431205004
127.0485467,6.116327556,625.4227916,1.34E-16,-2.27E-16,-0.458400516
126.3377122,5.804895887,623.6714036,-6.99E-20,2.98E-19,-0.44994237
122.556734,4.77636672,622.5859643,5.19E-10,-8.55E-10,-0.457659501
120.6230304,3.834398456,621.1397554,-5.30E-10,8.48E-10,-0.477045216
119.1682874,2.254539593,619.719459,2.31E-16,-3.78E-16,-0.478882114
117.492245,0.67547831,618.3546873,5.32E-10,-8.47E-10,-0.503569102
115.4309497,-1.20185106,617.0486741,-1.82E-18,6.75E-18,-0.527705881
112.8931567,-3.180338214,616.4119606,6.28E-18,-2.26E-17,-0.541621938
111.0581841,-5.063562755,615.600714,1.14E-16,-1.72E-16,-0.575487061
109.2934286,-4.551093498,614.6215757,-5.37E-19,1.97E-18,-0.533775738
107.4449103,-1.870143477,613.9540175,-3.28E-18,1.24E-17,-0.515653857
105.5209836,1.235031531,613.7634024,-1.30E-16,1.94E-16,-0.501231443
104.1763593,3.723913678,613.4388225,1.43E-18,-5.83E-18,-0.480383229
103.6829135,5.878258257,613.5914335,-1.38E-16,2.06E-16,-0.476139364
102.8224825,8.726214988,613.2948395,5.40E-10,-8.42E-10,-0.42732459
103.093741,11.55168054,612.5337414,5.52E-10,-8.34E-10,-0.415752468
103.1498719,17.74873292,611.2383844,8.73E-17,-1.25E-16,-0.373241758
103.2295681,22.26156334,610.0867439,-2.77E-18,1.54E-17,-0.355436137
104.0055221,25.96449908,609.720048,-2.54E-18,1.62E-17,-0.311576035
104.0078626,29.48682324,609.7860646,1.43E-16,-1.95E-16,-0.292072314
104.2694215,33.63240706,610.035904,-1.82E-18,1.54E-17,-0.234401341
105.388781,37.45161122,610.6606753,-1.21E-16,1.78E-16,-0.216733205
105.9200455,40.76550749,610.5237895,-1.17E-16,1.72E-16,-0.173996078
112.856474,48.35680873,609.5594295,1.23E-16,-1.87E-16,-0.164901521
116.456806,52.72775627,608.7715941,1.93E-19,-2.36E-18,-0.163088759
117.1421914,50.61310433,611.2022204,1.42E-16,-1.97E-16,-0.162788518
120.5401736,55.00118839,609.4195131,8.82E-19,-1.28E-17,-0.137069973
122.4110267,58.41086603,607.9985211,-5.84E-10,8.11E-10,-0.134652049
134.8298269,62.62079684,607.463945,1.43E-16,-2.11E-16,-0.148058654
144.9265668,65.90400115,606.7927366,1.49E-16,-1.96E-16,-0.19298599
148.196576,69.2786384,606.8139037,1.32E-16,-1.58E-16,-0.192412873
150.9715874,72.02897457,606.8754808,-6.36E-10,7.72E-10,-0.208391698
152.238773,74.09909261,607.2713483,1.34E-16,-1.60E-16,-0.19264143
157.5431333,72.63114346,607.2076201,-1.18E-16,1.43E-16,-0.207398308
158.2928749,73.59291887,607.2432078,-1.32E-16,1.57E-16,-0.198810632
182.7316143,75.90238628,592.8194077,-2.85E-16,3.53E-16,-0.250731361
181.8572025,73.88705013,596.6459652,9.96E-19,-7.79E-18,-0.253685117
171.371872,72.82529194,604.16791,6.21E-10,-7.84E-10,-0.236440141
168.3611383,72.25001897,606.1812078,1.31E-16,-1.73E-16,-0.215048459
167.884675,74.19452501,606.223333,1.50E-16,-1.92E-16,-0.217735351
169.2032218,71.28157808,606.8155154,-1.26E-16,1.72E-16,-0.19438159
169.5615396,66.39293904,609.6832653,-5.93E-10,8.05E-10,-0.228311116
174.2077059,66.44759726,610.673565,1.50E-16,-1.91E-16,-0.266430995
179.9523212,58.79199831,609.6778073,-6.51E-19,4.12E-18,-0.313307048
183.3219996,59.95511468,609.2870502,-1.51E-16,1.90E-16,-0.326035781
186.603048,50.18752714,609.1016131,1.50E-16,-1.86E-16,-0.37666592
187.7220905,49.30137959,608.1077368,1.07E-18,-5.38E-18,-0.393723932
187.2814873,43.08827899,609.1634705,1.04E-18,-4.85E-18,-0.424104728
183.9327299,36.25472927,612.5271764,-1.20E-16,1.31E-16,-0.480038115
180.6687252,34.74235189,615.0677716,2.87E-16,-3.40E-16,-0.465271982
179.0123209,30.30292913,616.6663714,-3.60E-19,1.52E-18,-0.465825766
177.971888,25.60885509,619.1774865,3.43E-18,-1.29E-17,-0.517185905
174.6696492,20.55119156,622.1266154,1.29E-16,-1.75E-16,-0.496539923
172.1545301,15.91358059,624.0562383,1.45E-16,-1.86E-16,-0.518439633
171.3251689,13.34455796,625.5796408,6.03E-10,-7.98E-10,-0.534550222
157.0723679,7.367105554,626.6750376,-1.08E-16,1.73E-16,-0.490148178
152.3934106,5.189917314,627.6993199,3.73E-18,-1.52E-17,-0.480358033
148.5621427,2.534779822,628.97643,3.47E-19,-1.40E-18,-0.487268929
143.6566618,-3.130575611,629.7311502,1.16E-18,-4.45E-18,-0.511491467
141.3197992,-4.370658711,630.232156,-9.38E-17,1.72E-16,-0.487728616
138.8114877,-0.614703648,631.3325263,-9.17E-17,1.55E-16,-0.470092981
136.2340324,1.86434156,631.4124604,4.71E-10,-8.82E-10,-0.43321978
133.2029781,4.542054064,631.3333763,-1.21E-16,2.32E-16,-0.414826423
130.491719,5.840400314,631.1781159,1.25E-16,-2.15E-16,-0.436705879
128.3752232,7.202457941,631.7932044,1.18E-16,-2.08E-16,-0.400767417
126.858179,9.001889307,631.6768685,1.17E-16,-2.19E-16,-0.373503167
124.6883805,9.674464545,631.4196238,3.08E-18,-1.39E-17,-0.436942321
122.0211168,4.928298159,631.1803265,-5.13E-10,8.58E-10,-0.449347632
119.4352018,2.985959172,630.5117668,1.30E-16,-2.33E-16,-0.456256135
116.1054436,3.830680844,629.5589255,9.99E-17,-1.79E-16,-0.435687903
113.791637,1.332697368,628.3554936,-8.34E-17,1.33E-16,-0.507433717
111.3025603,2.138186071,627.6259485,-4.96E-10,8.68E-10,-0.445809418
108.6595392,2.602673687,626.1158,5.36E-10,-8.44E-10,-0.486397252
104.7021482,2.038407195,624.8953142,1.42E-18,-6.00E-18,-0.46273027
101.9910806,1.703075525,623.7274389,1.05E-16,-1.73E-16,-0.475563578
101.0319558,1.315506686,621.7508364,-1.76E-18,7.11E-18,-0.485587743
98.07046433,0.074998913,620.3335985,2.39E-16,-3.66E-16,-0.510267538
96.06322963,-1.009811979,618.7757749,-8.61E-19,3.31E-18,-0.509677215
94.34084777,-1.683548511,617.3270433,2.39E-18,-9.22E-18,-0.507947404
92.64277839,-3.308321945,615.264853,5.40E-10,-8.42E-10,-0.541208818
92.27546798,-4.587095565,613.6161723,-1.10E-16,1.74E-16,-0.561811928
91.33799823,-5.908732464,611.9737465,2.44E-16,-3.63E-16,-0.58555378
88.74261878,-4.50136427,610.7986828,-1.50E-18,5.10E-18,-0.571483676
88.47033605,-3.006752909,609.0638367,-5.51E-10,8.34E-10,-0.550060315
88.49360987,-1.776738464,607.9767242,-1.05E-16,1.57E-16,-0.530578401
87.05793713,0.118543408,606.6839558,-5.48E-10,8.37E-10,-0.50903847
87.0518088,1.785384038,605.603029,1.38E-16,-1.95E-16,-0.511684581
85.33471584,3.398991281,604.7385602,-2.44E-16,3.68E-16,-0.474550822
84.61633858,5.61461498,603.8388795,2.53E-18,-1.11E-17,-0.448815592
84.29161426,7.902223941,603.3595494,-1.34E-16,2.07E-16,-0.40732912
83.45909553,10.12205011,602.9246274,-5.38E-10,8.43E-10,-0.37626574
82.70199425,11.98864335,602.2475668,2.72E-16,-4.22E-16,-0.361994842
82.24284679,14.77813659,601.6985876,1.05E-16,-1.50E-16,-0.328145426
81.9557807,16.62366882,602.1741693,5.49E-10,-8.36E-10,-0.309136556
81.5636967,19.00520079,601.8767583,5.36E-10,-8.44E-10,-0.265268812
81.45664555,21.81056622,602.2284082,-4.84E-16,7.57E-16,-0.237284599
82.23651734,24.64083965,602.8221444,-1.38E-18,1.38E-17,-0.199531533
83.89902503,29.04109814,603.451686,1.35E-18,-1.39E-17,-0.193753075
84.49197031,31.60693107,604.2162173,-5.65E-10,8.25E-10,-0.176155986
85.0675788,34.06308592,604.9127368,1.41E-16,-2.08E-16,-0.157110007
85.75293422,36.80455348,605.8550399,1.18E-16,-1.76E-16,-0.133090165
86.65239955,38.95289968,605.6083829,-2.04E-20,8.54E-19,-0.063549272
87.46327499,40.92760877,605.5203246,-5.26E-10,8.51E-10,-0.053529623
87.96920143,42.4602418,604.8505585,-2.22E-19,1.06E-17,-0.043107411
87.98699578,43.56388895,604.9677742,6.35E-20,-1.01E-17,-0.013856443
88.75474852,44.92194806,605.2532084,3.16E-21,-3.14E-18,-0.006319285
101.634676,55.053431,600.9794018,3.21E-19,-8.94E-18,-0.07169665
109.3472731,59.53912197,600.2206992,1.27E-16,-1.63E-16,-0.091876978
114.3327727,59.34809663,600.9365965,-1.50E-16,1.86E-16,-0.138331872
117.068832,60.84192644,601.570691,-2.54E-16,3.15E-16,-0.15410148
119.9043998,61.66788137,601.6004201,7.48E-19,-9.44E-18,-0.158124756
119.6713536,61.81513107,602.2084918,-6.22E-10,7.83E-10,-0.150530952
123.4949229,62.78541323,602.3203863,-1.51E-16,1.81E-16,-0.159718327
127.9039496,63.13967279,602.1205144,-6.36E-10,7.72E-10,-0.18819317
129.611843,61.77368869,603.388505,-6.32E-10,7.75E-10,-0.197416144
133.0886368,61.14567124,604.2372125,-6.32E-10,7.75E-10,-0.212246163
135.5761998,60.92320717,604.6810882,-1.54E-16,1.95E-16,-0.216127698
136.4652171,59.6725636,605.5646406,-2.83E-16,3.58E-16,-0.215029392
138.2296608,58.32091702,606.5385633,1.51E-16,-1.87E-16,-0.229525074
139.9492688,56.35039826,607.2575701,2.76E-19,-2.13E-18,-0.257034385
141.3834528,52.45945116,608.3244966,1.24E-18,-8.35E-18,-0.295468655
143.5477884,48.68773917,608.7854628,-1.44E-18,9.17E-18,-0.312588189
144.7892047,44.92778712,609.4735012,7.50E-19,-4.12E-18,-0.360214581
145.2203608,41.05237761,612.0417959,1.38E-16,-1.55E-16,-0.398778969
147.3095969,36.54087028,613.3272099,-1.62E-16,1.83E-16,-0.441138733
144.0412333,31.68783371,615.680599,-6.39E-10,7.69E-10,-0.436144061
145.3785709,34.62430303,616.9425212,-1.35E-16,1.75E-16,-0.404646131
144.6842247,25.84312089,619.5611579,2.08E-18,-9.05E-18,-0.450869343
144.9532551,29.37757589,619.0138002,-1.48E-16,1.73E-16,-0.425794718
145.6793664,22.83721761,619.2174193,-6.20E-10,7.85E-10,-0.471943617
145.99748,18.77413288,618.3034008,1.23E-16,-1.56E-16,-0.474986271
146.5035843,19.78312634,616.0050608,-1.49E-16,2.13E-16,-0.457649444
146.4483463,16.90384874,615.2642996,-1.52E-18,6.04E-18,-0.494267129
147.0423259,13.97985533,614.0561103,1.45E-16,-1.85E-16,-0.509662278
146.3296819,13.11329463,613.239298,-5.75E-10,8.18E-10,-0.482038241
145.4817668,11.01270638,612.7790438,2.69E-16,-3.88E-16,-0.501799228
143.8318834,8.527461181,613.1789022,2.55E-16,-3.73E-16,-0.495398853
141.8417475,5.830691232,613.8218007,-1.19E-16,1.88E-16,-0.497050954
140.168415,3.947005694,613.6374853,1.04E-16,-1.46E-16,-0.523989549
138.9106853,1.585121953,613.4511158,2.61E-16,-3.92E-16,-0.543441669
137.9635368,-0.898806033,613.096468,-1.06E-16,1.56E-16,-0.550149814
137.4029645,-2.662290307,613.037455,-3.70E-18,1.26E-17,-0.572475491
136.7078487,-5.75532745,612.3575622,-1.13E-16,1.61E-16,-0.585908974
132.0621041,-2.408876389,611.9972215,3.02E-18,-1.02E-17,-0.577149261
123.8512749,0.09376129,612.1546013,5.43E-10,-8.40E-10,-0.524215115
123.2496033,0.36171563,611.622412,-2.59E-16,3.84E-16,-0.547696413
114.2557773,1.263736463,613.2782577,5.64E-10,-8.26E-10,-0.53537117
106.9394928,1.477440004,613.8459101,4.68E-18,-1.76E-17,-0.521527788
102.1164871,1.317977819,613.526497,-8.33E-17,1.24E-16,-0.508856378
96.37591359,0.839599413,613.4899012,1.37E-16,-2.16E-16,-0.504351342
93.76165113,0.270570616,612.8967864,-3.14E-18,1.19E-17,-0.516569888
88.91035251,-0.798777201,611.2968983,1.06E-16,-1.45E-16,-0.542086907
87.04046716,-1.633543394,610.1614255,1.11E-16,-1.77E-16,-0.526346123
84.68632092,-3.384166077,607.4975775,1.10E-16,-1.55E-16,-0.574027718
84.21615528,-4.89032756,605.032173,8.98E-19,-2.94E-18,-0.592813129
84.2557665,-5.231527042,602.21654,-2.53E-16,3.52E-16,-0.605981821
81.43956918,-2.449369729,598.2331176,-5.52E-10,8.34E-10,-0.540796661
78.51875924,1.721290489,600.3796627,2.27E-16,-3.23E-16,-0.507024581
76.18803874,5.343185751,608.1024883,1.17E-16,-1.63E-16,-0.467871057
75.97146666,8.87596404,607.1306537,-1.44E-16,2.08E-16,-0.420799205
76.15650158,12.75323749,603.659342,8.88E-17,-1.34E-16,-0.363488271
77.17654057,16.9616032,597.3275233,-5.31E-10,8.47E-10,-0.267493708
76.79432264,20.36967507,595.5919368,-5.78E-16,9.22E-16,-0.21844295
76.36112698,23.24886693,594.2408712,4.42E-16,-7.54E-16,-0.169167605
74.91753507,27.11854113,592.4855523,9.85E-17,-1.55E-16,-0.112151125
75.36962494,31.2876271,592.4880086,4.09E-19,-1.27E-17,-0.064558046
75.2310524,35.49780808,592.8521204,-1.30E-16,2.20E-16,-0.043307445
74.77948527,38.61410059,593.5630187,5.34E-10,-8.46E-10,-0.014877691
74.4268204,41.13596532,594.6124793,3.78E-16,-5.90E-16,0.007456187
73.18533774,44.49502642,595.8605562,1.32E-19,5.60E-18,0.047308996
76.96769511,34.52701576,600.9457433,5.33E-10,-8.46E-10,-0.069233096
77.20795653,36.08286463,601.6174739,-5.32E-10,8.47E-10,-0.053194996
78.66638871,38.75666757,602.1022572,1.15E-20,-6.78E-19,-0.014015671
81.00373761,39.44230855,601.9377527,-5.09E-10,8.61E-10,-0.014011132
84.4078213,42.20342539,602.4307315,2.29E-20,-3.25E-18,-0.018252361
84.56583178,45.58069116,603.2618555,1.02E-16,-1.65E-16,0.008426663
84.94745422,49.26249141,604.0075823,1.62E-19,1.07E-17,0.030403766
85.87145978,52.38651788,603.2425273,5.15E-10,-8.57E-10,0.066866749
88.10797106,55.80605281,602.6739814,1.35E-19,4.01E-18,0.06735507
170.5614075,110.2168917,593.5630096,-2.11E-16,1.06E-16,-0.488703894
106.9193637,74.87967449,593.8301447,-1.48E-16,1.85E-16,-0.000725208
111.5226617,77.09883498,593.9524721,1.36E-16,-1.67E-16,-0.035646852
113.357715,77.64048154,593.9112933,5.28E-20,-2.42E-18,-0.043682318
112.520756,76.33623073,594.4695876,6.31E-10,-7.76E-10,-0.04258415
115.5592231,75.84520018,593.7538167,1.52E-16,-1.94E-16,-0.055470032
115.1823056,74.23592918,595.7609904,1.37E-19,-4.24E-18,-0.067601713
115.187635,73.91465904,596.3481414,1.38E-16,-1.72E-16,-0.076665131
115.5069155,73.80031297,597.2100697,-1.21E-16,1.41E-16,-0.08814298
122.9508631,64.86860852,597.2375552,4.18E-19,-4.86E-18,-0.171562634
123.4278704,62.83255829,598.6621574,-3.09E-19,3.34E-18,-0.184668182
116.979766,58.76808241,602.9053468,5.59E-19,-7.14E-18,-0.156393065
121.4730556,56.26938596,603.8699134,6.15E-10,-7.88E-10,-0.18427045
121.9905984,52.4982003,605.4675098,6.10E-10,-7.93E-10,-0.203931695
120.8829687,51.33479474,608.3870382,-7.80E-19,8.24E-18,-0.188849398
118.338058,46.99857523,610.9241815,-1.21E-16,1.81E-16,-0.18431545
114.3781597,44.47185511,616.6015796,-8.78E-17,1.31E-16,-0.176616103
105.9262123,45.45399385,618.6995277,-4.97E-10,8.68E-10,-0.062281808
112.2902215,36.75507576,627.9687548,-1.22E-16,2.25E-16,-0.145771849
107.6439158,33.89772542,623.707653,1.02E-16,-2.39E-16,-0.062106998
108.5157159,32.50954792,626.084765,3.65E-10,-9.31E-10,-0.029415878
102.2658675,29.94611392,627.3648633,-4.74E-17,1.53E-16,0.021218817
96.4043725,28.16101744,629.1695652,-8.27E-20,-1.64E-18,0.100754163
94.80811347,24.87422147,628.1095899,3.54E-17,-2.08E-16,0.133849694
93.65632616,22.19243587,631.8135614,1.82E-20,2.17E-19,0.13662982
87.23325494,14.15067399,635.9867686,1.09E-17,-2.13E-16,0.168353729
154.5017376,38.56135322,644.171942,-1.27E-17,2.18E-16,0.206881807
146.0686806,12.43726064,644.6441284,-4.29E-17,2.61E-16,-0.046217362
130.4221406,16.8785384,658.8352494,9.41E-17,-4.67E-16,-0.017244362
66.60717041,3.909800991,657.1329492,-5.82E-19,1.39E-17,-0.083579884
-40.92602127,-9.095237948,624.6778457,-6.94E-17,1.25E-16,-0.405482461
-137.152559,-17.06044997,655.4030517,5.28E-10,-8.49E-10,-0.476030034
-193.7750298,-32.19127693,682.8992654,1.61E-18,-2.48E-18,-1.153302496
-63.75887788,-24.19489049,683.9056041,-3.68E-17,3.05E-17,-0.5643559
-63.15398891,-25.98396936,678.3607294,4.69E-18,-1.72E-17,-0.531357436
-63.9185915,-23.57177933,666.0814494,1.13E-16,-1.16E-16,-0.557126241
-67.87128131,-26.83306842,665.9374515,-7.36E-10,6.78E-10,-0.532225778
-73.17683869,-26.81073161,663.2640484,-7.08E-17,6.32E-17,-0.549989316
-74.0470882,-27.28744166,663.298935,1.07E-16,-9.80E-17,-0.545035668
-75.81922779,-23.99173509,662.543384,1.47E-16,-1.43E-16,-0.587838697
-87.51913165,-20.17287664,659.5344341,-1.10E-16,1.01E-16,-0.657610429
